INSERT INTO BOOKABLE (BOOKABLE_ID, LOCATION_ID, BOOKABLE_NAME, DISPOSITION_CLOSED, DISPOSITION_REASON) VALUES (1, 1, 'Red Room', '0', '');
INSERT INTO BOOKABLE (BOOKABLE_ID, LOCATION_ID, BOOKABLE_NAME, DISPOSITION_CLOSED, DISPOSITION_REASON) VALUES (2, 1, 'Blue Room', '0', '');
INSERT INTO BOOKABLE (BOOKABLE_ID, LOCATION_ID, BOOKABLE_NAME, DISPOSITION_CLOSED, DISPOSITION_REASON) VALUES (3, 1, 'White Room', '0', '');
INSERT INTO BOOKABLE (BOOKABLE_ID, LOCATION_ID, BOOKABLE_NAME, DISPOSITION_CLOSED, DISPOSITION_REASON) VALUES (4, 1, 'Black Room', '0', '');
INSERT INTO BOOKABLE (BOOKABLE_ID, LOCATION_ID, BOOKABLE_NAME, DISPOSITION_CLOSED, DISPOSITION_REASON) VALUES (5, 2, 'Elizabeth Conference Room', '0', '');
INSERT INTO BOOKABLE (BOOKABLE_ID, LOCATION_ID, BOOKABLE_NAME, DISPOSITION_CLOSED, DISPOSITION_REASON) VALUES (6, 2, 'Thames Planning Nook', '0', '');
INSERT INTO BOOKABLE (BOOKABLE_ID, LOCATION_ID, BOOKABLE_NAME, DISPOSITION_CLOSED, DISPOSITION_REASON) VALUES (7, 2, 'Very Splendid Room', '0', '');
INSERT INTO BOOKABLE (BOOKABLE_ID, LOCATION_ID, BOOKABLE_NAME, DISPOSITION_CLOSED, DISPOSITION_REASON) VALUES (8, 2, 'Tower of London Spooky Room', '0', '');
INSERT INTO LOCATION (LOCATION_ID, LOCATION_NAME, LOCATION_TZ) VALUES (1, 'NYC', 'America/New_York');
INSERT INTO LOCATION (LOCATION_ID, LOCATION_NAME, LOCATION_TZ) VALUES  (2, 'LON', 'Europe/London');
INSERT INTO BOOKING (BOOKING_ID, BOOKABLE_ID, SUBJECT, START_DATE, END_DATE) VALUES (1, 1, 'My Booking', {fn TIMESTAMPADD( SQL_TSI_HOUR, -24, CURRENT_TIMESTAMP)}, {fn TIMESTAMPADD( SQL_TSI_HOUR, -23, CURRENT_TIMESTAMP)});
INSERT INTO BOOKING (BOOKING_ID, BOOKABLE_ID, SUBJECT, START_DATE, END_DATE) VALUES (2, 1, 'Another Booking', {fn TIMESTAMPADD( SQL_TSI_HOUR, 1, CURRENT_TIMESTAMP)}, {fn TIMESTAMPADD( SQL_TSI_HOUR, 2, CURRENT_TIMESTAMP)});
INSERT INTO BOOKING (BOOKING_ID, BOOKABLE_ID, SUBJECT, START_DATE, END_DATE) VALUES (3, 2, 'Plan All Things', {fn TIMESTAMPADD( SQL_TSI_HOUR, 3, CURRENT_TIMESTAMP)}, {fn TIMESTAMPADD( SQL_TSI_HOUR, 4, CURRENT_TIMESTAMP)});
INSERT INTO BOOKING (BOOKING_ID, BOOKABLE_ID, SUBJECT, START_DATE, END_DATE) VALUES (4, 2, 'Execute Proletariat', {fn TIMESTAMPADD( SQL_TSI_HOUR, 7, CURRENT_TIMESTAMP)}, {fn TIMESTAMPADD( SQL_TSI_HOUR, 8, CURRENT_TIMESTAMP)});
INSERT INTO BOOKING (BOOKING_ID, BOOKABLE_ID, SUBJECT, START_DATE, END_DATE) VALUES (5, 3, 'Wash Hands', {fn TIMESTAMPADD( SQL_TSI_HOUR, 24, CURRENT_TIMESTAMP)}, {fn TIMESTAMPADD( SQL_TSI_HOUR, 25, CURRENT_TIMESTAMP)});

